[
  {
    "model": "blog.author",
    "pk": 1,
    "fields": {
      "name": "Roberta Johnson"
    }
  },
  {
    "model": "blog.author",
    "pk": 2,
    "fields": {
      "name": "Muddy Waters"
    }
  },
  {
    "model": "blog.author",
    "pk": 3,
    "fields": {
      "name": "Olivia Ava"
    }
  },
  {
    "model": "blog.category",
    "pk": 1,
    "fields": {
      "name": "Sustainability"
    }
  },
  {
    "model": "blog.category",
    "pk": 2,
    "fields": {
      "name": "Accessibility"
    }
  },
  {
    "model": "blog.category",
    "pk": 3,
    "fields": {
      "name": "Django"
    }
  },
  {
    "model": "blog.category",
    "pk": 4,
    "fields": {
      "name": "SEO"
    }
  },
  {
    "model": "blog.category",
    "pk": 5,
    "fields": {
      "name": "Performance"
    }
  },
  {
    "model": "wagtailcore.locale",
    "pk": 1,
    "fields": {
      "language_code": "en"
    }
  },
  {
    "model": "wagtailcore.site",
    "pk": 2,
    "fields": {
      "hostname": "localhost",
      "port": 3000,
      "site_name": "",
      "root_page": 3,
      "is_default_site": true
    }
  },
  {
    "model": "wagtailcore.collection",
    "pk": 1,
    "fields": {
      "path": "0001",
      "depth": 1,
      "numchild": 0,
      "name": "Root"
    }
  },
  {
    "model": "wagtailcore.workflowpage",
    "pk": 1,
    "fields": {
      "workflow": 1
    }
  },
  {
    "model": "wagtailcore.workflowtask",
    "pk": 1,
    "fields": {
      "sort_order": 0,
      "workflow": 1,
      "task": 1
    }
  },
  {
    "model": "wagtailcore.task",
    "pk": 1,
    "fields": {
      "name": "Moderators approval",
      "content_type": ["wagtailcore", "groupapprovaltask"],
      "active": true
    }
  },
  {
    "model": "wagtailcore.workflow",
    "pk": 1,
    "fields": {
      "name": "Moderators approval",
      "active": true
    }
  },
  {
    "model": "auth.group",
    "pk": 1,
    "fields": {
      "name": "Moderators",
      "permissions": [
        ["access_admin", "wagtailadmin", "admin"],
        ["add_document", "wagtaildocs", "document"],
        ["change_document", "wagtaildocs", "document"],
        ["choose_document", "wagtaildocs", "document"],
        ["delete_document", "wagtaildocs", "document"],
        ["add_image", "wagtailimages", "image"],
        ["change_image", "wagtailimages", "image"],
        ["choose_image", "wagtailimages", "image"],
        ["delete_image", "wagtailimages", "image"]
      ]
    }
  },
  {
    "model": "auth.group",
    "pk": 2,
    "fields": {
      "name": "Editors",
      "permissions": [
        ["access_admin", "wagtailadmin", "admin"],
        ["add_document", "wagtaildocs", "document"],
        ["change_document", "wagtaildocs", "document"],
        ["choose_document", "wagtaildocs", "document"],
        ["delete_document", "wagtaildocs", "document"],
        ["add_image", "wagtailimages", "image"],
        ["change_image", "wagtailimages", "image"],
        ["choose_image", "wagtailimages", "image"],
        ["delete_image", "wagtailimages", "image"]
      ]
    }
  },
  {
    "model": "auth.user",
    "pk": 1,
    "fields": {
      "password": "pbkdf2_sha256$870000$4dR2xPpUAnm06u1X3ZSvon$ZOBwPrDj5EDGEXRS0pEkmRfwwEKiiVp+zsnqxZcXB4o=",
      "last_login": "2024-09-03T06:37:59.449Z",
      "is_superuser": true,
      "username": "admin",
      "first_name": "",
      "last_name": "",
      "email": "",
      "is_staff": true,
      "is_active": true,
      "date_joined": "2024-09-01T00:01:00.097Z",
      "groups": [],
      "user_permissions": []
    }
  },
  {
    "model": "wagtailcore.groupapprovaltask",
    "pk": 1,
    "fields": {
      "groups": [["Moderators"]]
    }
  },
  {
    "model": "wagtailcore.grouppagepermission",
    "pk": 1,
    "fields": {
      "group": ["Moderators"],
      "page": 1,
      "permission": ["add_page", "wagtailcore", "page"]
    }
  },
  {
    "model": "wagtailcore.grouppagepermission",
    "pk": 2,
    "fields": {
      "group": ["Moderators"],
      "page": 1,
      "permission": ["change_page", "wagtailcore", "page"]
    }
  },
  {
    "model": "wagtailcore.grouppagepermission",
    "pk": 3,
    "fields": {
      "group": ["Moderators"],
      "page": 1,
      "permission": ["publish_page", "wagtailcore", "page"]
    }
  },
  {
    "model": "wagtailcore.grouppagepermission",
    "pk": 4,
    "fields": {
      "group": ["Editors"],
      "page": 1,
      "permission": ["add_page", "wagtailcore", "page"]
    }
  },
  {
    "model": "wagtailcore.grouppagepermission",
    "pk": 5,
    "fields": {
      "group": ["Editors"],
      "page": 1,
      "permission": ["change_page", "wagtailcore", "page"]
    }
  },
  {
    "model": "wagtailcore.grouppagepermission",
    "pk": 6,
    "fields": {
      "group": ["Moderators"],
      "page": 1,
      "permission": ["lock_page", "wagtailcore", "page"]
    }
  },
  {
    "model": "wagtailcore.grouppagepermission",
    "pk": 7,
    "fields": {
      "group": ["Moderators"],
      "page": 1,
      "permission": ["unlock_page", "wagtailcore", "page"]
    }
  },
  {
    "model": "wagtailcore.revision",
    "pk": 1,
    "fields": {
      "content_type": ["home", "homepage"],
      "base_content_type": ["wagtailcore", "page"],
      "object_id": "3",
      "created_at": "2024-09-01T15:51:14.327Z",
      "user": ["admin"],
      "object_str": "Low-carbon Wagtail template",
      "content": {
        "pk": 3,
        "path": "00010001",
        "depth": 2,
        "numchild": 0,
        "translation_key": "b4a6eb7f-6cb4-409a-b90c-b5810b40e962",
        "locale": 1,
        "latest_revision": null,
        "live": true,
        "has_unpublished_changes": false,
        "first_published_at": null,
        "last_published_at": null,
        "live_revision": null,
        "go_live_at": null,
        "expire_at": null,
        "expired": false,
        "locked": false,
        "locked_at": null,
        "locked_by": null,
        "title": "Low-carbon Wagtail template",
        "draft_title": "Low-carbon Wagtail template",
        "slug": "home",
        "content_type": 32,
        "url_path": "/home/",
        "owner": 1,
        "seo_title": "",
        "show_in_menus": false,
        "search_description": "",
        "latest_revision_created_at": null,
        "alias_of": null,
        "introduction": "<p data-block-key=\"w9e7c\">A Wagtail website template optimized for energy efficiency and low carbon emissions.</p>",
        "body": "[]",
        "wagtail_admin_comments": []
      },
      "approved_go_live_at": null
    }
  },
  {
    "model": "wagtailcore.revision",
    "pk": 2,
    "fields": {
      "content_type": ["blog", "blogindexpage"],
      "base_content_type": ["wagtailcore", "page"],
      "object_id": "4",
      "created_at": "2024-09-01T15:51:40.650Z",
      "user": ["admin"],
      "object_str": "Blog",
      "content": {
        "pk": 4,
        "path": "000100010001",
        "depth": 3,
        "numchild": 0,
        "translation_key": "e36e94e3-5f7d-4dc5-847d-4c1f1422ed97",
        "locale": 1,
        "latest_revision": null,
        "live": true,
        "has_unpublished_changes": false,
        "first_published_at": null,
        "last_published_at": null,
        "live_revision": null,
        "go_live_at": null,
        "expire_at": null,
        "expired": false,
        "locked": false,
        "locked_at": null,
        "locked_by": null,
        "title": "Blog",
        "draft_title": "Blog",
        "slug": "blog",
        "content_type": 29,
        "url_path": "/home/blog/",
        "owner": 1,
        "seo_title": "",
        "show_in_menus": false,
        "search_description": "",
        "latest_revision_created_at": null,
        "alias_of": null,
        "wagtail_admin_comments": []
      },
      "approved_go_live_at": null
    }
  },
  {
    "model": "wagtailcore.revision",
    "pk": 3,
    "fields": {
      "content_type": ["blog", "blogpage"],
      "base_content_type": ["wagtailcore", "page"],
      "object_id": "5",
      "created_at": "2024-09-03T06:51:35.380Z",
      "user": ["admin"],
      "object_str": "My first post",
      "content": {
        "pk": 5,
        "path": "0001000100010001",
        "depth": 4,
        "numchild": 0,
        "translation_key": "a816f087-48d7-40cd-a821-7315558fea4f",
        "locale": 1,
        "latest_revision": null,
        "live": true,
        "has_unpublished_changes": false,
        "first_published_at": null,
        "last_published_at": null,
        "live_revision": null,
        "go_live_at": null,
        "expire_at": null,
        "expired": false,
        "locked": false,
        "locked_at": null,
        "locked_by": null,
        "title": "My first post",
        "draft_title": "My first post",
        "slug": "my-first-post",
        "content_type": 31,
        "url_path": "/home/blog/my-first-post/",
        "owner": 1,
        "seo_title": "",
        "show_in_menus": false,
        "search_description": "",
        "latest_revision_created_at": null,
        "alias_of": null,
        "publication_date": "2024-09-01",
        "introduction": "<p data-block-key=\"n5p3t\">Hello, World!</p>",
        "author": 1,
        "category": 3,
        "body": "[{\"type\": \"paragraph\", \"value\": \"<p data-block-key=\\\"2i6p2\\\">Our new blog\\u2019s first post, starting our journey covering topics from sustainability to accessibility.</p>\", \"id\": \"42514dc2-4abc-4f4a-8b8f-2dee77faa3c2\"}]",
        "wagtail_admin_comments": []
      },
      "approved_go_live_at": null
    }
  },
  {
    "model": "wagtailcore.revision",
    "pk": 4,
    "fields": {
      "content_type": ["blog", "blogpage"],
      "base_content_type": ["wagtailcore", "page"],
      "object_id": "6",
      "created_at": "2024-09-03T06:52:54.334Z",
      "user": ["admin"],
      "object_str": "Sustainable Web Development",
      "content": {
        "pk": 6,
        "path": "0001000100010002",
        "depth": 4,
        "numchild": 0,
        "translation_key": "2b317bda-7023-4539-aaf8-39d1ecbb38dc",
        "locale": 1,
        "latest_revision": null,
        "live": true,
        "has_unpublished_changes": false,
        "first_published_at": null,
        "last_published_at": null,
        "live_revision": null,
        "go_live_at": null,
        "expire_at": null,
        "expired": false,
        "locked": false,
        "locked_at": null,
        "locked_by": null,
        "title": "Sustainable Web Development",
        "draft_title": "Sustainable Web Development",
        "slug": "sustainable-web-development",
        "content_type": 31,
        "url_path": "/home/blog/sustainable-web-development/",
        "owner": 1,
        "seo_title": "",
        "show_in_menus": false,
        "search_description": "",
        "latest_revision_created_at": null,
        "alias_of": null,
        "publication_date": "2024-09-01",
        "introduction": "<p data-block-key=\"d2rrh\">Lots to learn</p>",
        "author": null,
        "category": 1,
        "body": "[{\"type\": \"paragraph\", \"value\": \"<p data-block-key=\\\"9jm3y\\\">It\\u2019s a whole new angle on creating websites.</p>\", \"id\": \"f20732ce-6b8d-4084-bcaa-a4ebdac6d2fb\"}]",
        "wagtail_admin_comments": []
      },
      "approved_go_live_at": null
    }
  },
  {
    "model": "wagtailcore.revision",
    "pk": 5,
    "fields": {
      "content_type": ["blog", "blogpage"],
      "base_content_type": ["wagtailcore", "page"],
      "object_id": "7",
      "created_at": "2024-09-03T06:53:38.891Z",
      "user": ["admin"],
      "object_str": "Faster websites",
      "content": {
        "pk": 7,
        "path": "0001000100010003",
        "depth": 4,
        "numchild": 0,
        "translation_key": "829f432b-ba84-439a-b6cc-958548ce49a8",
        "locale": 1,
        "latest_revision": null,
        "live": true,
        "has_unpublished_changes": false,
        "first_published_at": null,
        "last_published_at": null,
        "live_revision": null,
        "go_live_at": null,
        "expire_at": null,
        "expired": false,
        "locked": false,
        "locked_at": null,
        "locked_by": null,
        "title": "Faster websites",
        "draft_title": "Faster websites",
        "slug": "faster-websites",
        "content_type": 31,
        "url_path": "/home/blog/faster-websites/",
        "owner": 1,
        "seo_title": "",
        "show_in_menus": false,
        "search_description": "",
        "latest_revision_created_at": null,
        "alias_of": null,
        "publication_date": "2024-09-01",
        "introduction": "<p data-block-key=\"egqq7\">Usually faster means less energy use too.</p>",
        "author": 2,
        "category": 5,
        "body": "[{\"type\": \"paragraph\", \"value\": \"<p data-block-key=\\\"lj4lc\\\">We\\u2019ll review how true this is in practice.</p>\", \"id\": \"9de9a1d6-4d27-4f9b-a5d2-becd71b22e2f\"}]",
        "wagtail_admin_comments": []
      },
      "approved_go_live_at": null
    }
  },
  {
    "model": "wagtailcore.page",
    "pk": 1,
    "fields": {
      "path": "0001",
      "depth": 1,
      "numchild": 1,
      "translation_key": "a7d82770-40c9-4a4b-af1e-f4839c14473a",
      "locale": 1,
      "latest_revision": null,
      "live": true,
      "has_unpublished_changes": false,
      "first_published_at": null,
      "last_published_at": null,
      "live_revision": null,
      "go_live_at": null,
      "expire_at": null,
      "expired": false,
      "locked": false,
      "locked_at": null,
      "locked_by": null,
      "title": "Root",
      "draft_title": "Root",
      "slug": "root",
      "content_type": ["wagtailcore", "page"],
      "url_path": "/",
      "owner": null,
      "seo_title": "",
      "show_in_menus": false,
      "search_description": "",
      "latest_revision_created_at": null,
      "alias_of": null
    }
  },
  {
    "model": "wagtailcore.page",
    "pk": 3,
    "fields": {
      "path": "00010001",
      "depth": 2,
      "numchild": 1,
      "translation_key": "b4a6eb7f-6cb4-409a-b90c-b5810b40e962",
      "locale": 1,
      "latest_revision": 1,
      "live": true,
      "has_unpublished_changes": false,
      "first_published_at": "2024-09-01T15:51:14.361Z",
      "last_published_at": "2024-09-01T15:51:14.361Z",
      "live_revision": 1,
      "go_live_at": null,
      "expire_at": null,
      "expired": false,
      "locked": false,
      "locked_at": null,
      "locked_by": null,
      "title": "Low-carbon Wagtail template",
      "draft_title": "Low-carbon Wagtail template",
      "slug": "home",
      "content_type": ["home", "homepage"],
      "url_path": "/home/",
      "owner": ["admin"],
      "seo_title": "",
      "show_in_menus": false,
      "search_description": "",
      "latest_revision_created_at": "2024-09-01T15:51:14.327Z",
      "alias_of": null
    }
  },
  {
    "model": "wagtailcore.page",
    "pk": 4,
    "fields": {
      "path": "000100010001",
      "depth": 3,
      "numchild": 3,
      "translation_key": "e36e94e3-5f7d-4dc5-847d-4c1f1422ed97",
      "locale": 1,
      "latest_revision": 2,
      "live": true,
      "has_unpublished_changes": false,
      "first_published_at": "2024-09-01T15:51:40.680Z",
      "last_published_at": "2024-09-01T15:51:40.680Z",
      "live_revision": 2,
      "go_live_at": null,
      "expire_at": null,
      "expired": false,
      "locked": false,
      "locked_at": null,
      "locked_by": null,
      "title": "Blog",
      "draft_title": "Blog",
      "slug": "blog",
      "content_type": ["blog", "blogindexpage"],
      "url_path": "/home/blog/",
      "owner": ["admin"],
      "seo_title": "",
      "show_in_menus": false,
      "search_description": "",
      "latest_revision_created_at": "2024-09-01T15:51:40.650Z",
      "alias_of": null
    }
  },
  {
    "model": "wagtailcore.page",
    "pk": 5,
    "fields": {
      "path": "0001000100010001",
      "depth": 4,
      "numchild": 0,
      "translation_key": "a816f087-48d7-40cd-a821-7315558fea4f",
      "locale": 1,
      "latest_revision": 3,
      "live": true,
      "has_unpublished_changes": false,
      "first_published_at": "2024-09-03T06:51:35.415Z",
      "last_published_at": "2024-09-03T06:51:35.415Z",
      "live_revision": 3,
      "go_live_at": null,
      "expire_at": null,
      "expired": false,
      "locked": false,
      "locked_at": null,
      "locked_by": null,
      "title": "My first post",
      "draft_title": "My first post",
      "slug": "my-first-post",
      "content_type": ["blog", "blogpage"],
      "url_path": "/home/blog/my-first-post/",
      "owner": ["admin"],
      "seo_title": "",
      "show_in_menus": false,
      "search_description": "",
      "latest_revision_created_at": "2024-09-03T06:51:35.380Z",
      "alias_of": null
    }
  },
  {
    "model": "wagtailcore.page",
    "pk": 6,
    "fields": {
      "path": "0001000100010002",
      "depth": 4,
      "numchild": 0,
      "translation_key": "2b317bda-7023-4539-aaf8-39d1ecbb38dc",
      "locale": 1,
      "latest_revision": 4,
      "live": true,
      "has_unpublished_changes": false,
      "first_published_at": "2024-09-03T06:52:54.368Z",
      "last_published_at": "2024-09-03T06:52:54.368Z",
      "live_revision": 4,
      "go_live_at": null,
      "expire_at": null,
      "expired": false,
      "locked": false,
      "locked_at": null,
      "locked_by": null,
      "title": "Sustainable Web Development",
      "draft_title": "Sustainable Web Development",
      "slug": "sustainable-web-development",
      "content_type": ["blog", "blogpage"],
      "url_path": "/home/blog/sustainable-web-development/",
      "owner": ["admin"],
      "seo_title": "",
      "show_in_menus": false,
      "search_description": "",
      "latest_revision_created_at": "2024-09-03T06:52:54.334Z",
      "alias_of": null
    }
  },
  {
    "model": "wagtailcore.page",
    "pk": 7,
    "fields": {
      "path": "0001000100010003",
      "depth": 4,
      "numchild": 0,
      "translation_key": "829f432b-ba84-439a-b6cc-958548ce49a8",
      "locale": 1,
      "latest_revision": 5,
      "live": true,
      "has_unpublished_changes": false,
      "first_published_at": "2024-09-03T06:53:38.922Z",
      "last_published_at": "2024-09-03T06:53:38.922Z",
      "live_revision": 5,
      "go_live_at": null,
      "expire_at": null,
      "expired": false,
      "locked": false,
      "locked_at": null,
      "locked_by": null,
      "title": "Faster websites",
      "draft_title": "Faster websites",
      "slug": "faster-websites",
      "content_type": ["blog", "blogpage"],
      "url_path": "/home/blog/faster-websites/",
      "owner": ["admin"],
      "seo_title": "",
      "show_in_menus": false,
      "search_description": "",
      "latest_revision_created_at": "2024-09-03T06:53:38.891Z",
      "alias_of": null
    }
  },
  {
    "model": "wagtailusers.userprofile",
    "pk": 1,
    "fields": {
      "user": ["admin"],
      "submitted_notifications": true,
      "approved_notifications": true,
      "rejected_notifications": true,
      "updated_comments_notifications": true,
      "preferred_language": "",
      "current_time_zone": "",
      "avatar": "",
      "dismissibles": {
        "help": true,
        "whats-new-in-wagtail-6.2": true,
        "editor-guide": true
      },
      "theme": "system",
      "density": "default"
    }
  },
  {
    "model": "home.homepage",
    "pk": 3,
    "fields": {
      "introduction": "<p data-block-key=\"w9e7c\">A Wagtail website template optimized for energy efficiency and low carbon emissions.</p>",
      "body": "[]"
    }
  },
  {
    "model": "blog.blogpage",
    "pk": 5,
    "fields": {
      "publication_date": "2024-09-01",
      "introduction": "<p data-block-key=\"n5p3t\">Hello, World!</p>",
      "author": 1,
      "category": 3,
      "body": "[{\"type\": \"paragraph\", \"value\": \"<p data-block-key=\\\"2i6p2\\\">Our new blog\\u2019s first post, starting our journey covering topics from sustainability to accessibility.</p>\", \"id\": \"42514dc2-4abc-4f4a-8b8f-2dee77faa3c2\"}]"
    }
  },
  {
    "model": "blog.blogpage",
    "pk": 6,
    "fields": {
      "publication_date": "2024-09-01",
      "introduction": "<p data-block-key=\"d2rrh\">Lots to learn</p>",
      "author": null,
      "category": 1,
      "body": "[{\"type\": \"paragraph\", \"value\": \"<p data-block-key=\\\"9jm3y\\\">It\\u2019s a whole new angle on creating websites.</p>\", \"id\": \"f20732ce-6b8d-4084-bcaa-a4ebdac6d2fb\"}]"
    }
  },
  {
    "model": "blog.blogpage",
    "pk": 7,
    "fields": {
      "publication_date": "2024-09-01",
      "introduction": "<p data-block-key=\"egqq7\">Usually faster means less energy use too.</p>",
      "author": 2,
      "category": 5,
      "body": "[{\"type\": \"paragraph\", \"value\": \"<p data-block-key=\\\"lj4lc\\\">We\\u2019ll review how true this is in practice.</p>\", \"id\": \"9de9a1d6-4d27-4f9b-a5d2-becd71b22e2f\"}]"
    }
  },
  {
    "model": "blog.blogindexpage",
    "pk": 4,
    "fields": {}
  }
]
